{"ChickenRace":{"Timer.png":[{"Position":{"x":-0.4689754843711853,"y":-0.1712418794631958},"Scale":1.5},{"Position":{"x":0.5007214546203613,"y":-0.1712418794631958},"Scale":1.5}]}}