{
  "ChickenRace": {
    "Timer.png": [
      {
        "Position": {
          "x": -0.4689754843711853,
          "y": -0.1712418794631958
        },
        "Scale": 1.5
      },
      {
        "Position": {
          "x": 0.5007214546203613,
          "y": -0.1712418794631958
        },
        "Scale": 1.5
      }
    ]
  },
  "Result_Multi": {
    "BTN_A.png": [
      {
        "Position": {
          "x": 0.7316017150878906,
          "y": -0.6313725709915161
        },
        "Scale": 1.0
      }
    ],
    "BTN_B.png": [
      {
        "Position": {
          "x": 0.7316017150878906,
          "y": -0.359477162361145
        },
        "Scale": 1.0
      }
    ]
  },

  "Select_Static": {
    "BG_fes.png": [
      {
        "Position": {
          "x": 0.0,
          "y": -0.6000000238418579
        },
        "Scale": 4.0
      }
    ]
  }

}